Date,long
2018-01-02,0.0002902790534307808
2018-01-03,0.009773128461777504
2018-01-04,0.0011551572796256937
2018-01-05,0.010070126582943838
2018-01-08,0.004682026447870175
2018-01-09,0.002097325748741752
2018-01-10,-0.0013075473461291575
2018-01-11,-0.0003728100656535504
2018-01-12,0.014968944657029495
2018-01-15,0.012952021161912268
2018-01-16,-0.012572726639656615
2018-01-17,0.004337032757021598
2018-01-18,-0.012423303245430681
2018-01-19,0.007184305745595755
2018-01-22,0.008956870072816038
2018-01-23,0.0011275951620357595
2018-01-24,-0.002347767865985223
2018-01-25,-0.0013580320253572648
2018-01-29,-0.006857007942648019
2018-01-30,-0.012207638268132258
2018-01-31,-0.007925711965643425
2018-02-01,0.0016040551217891452
2018-02-02,-0.016405051846026066
2018-02-05,-0.011767599040747805
2018-02-06,-0.012888948233912456
2018-02-07,0.01071941399949892
2018-02-08,0.006354850172157529
2018-02-09,0.007727308950738315
2018-02-12,0.00453220633900903
2018-02-14,0.001496268714979467
2018-02-15,0.0003009316162187797
2018-02-16,-0.010611089858207648
2018-02-19,-0.002223471220462954
2018-02-20,-0.0016413155913221514
2018-02-21,0.0008561596919993521
2018-02-22,-0.0015088940175320648
2018-02-23,0.010818994509918394
2018-02-26,0.009396778212789515
2018-02-27,-0.002391999239757136
2018-02-28,-0.002133347744991658
2018-03-01,-0.0010906050463670822
2018-03-05,-0.0009686258721087922
2018-03-06,-0.008276401278868849
2018-03-07,-0.013975075899905338
2018-03-08,0.002108859637939748
2018-03-09,-0.0008245487640943007
2018-03-12,-0.0007035943288949939
2018-03-13,0.0065751046150050105
2018-03-14,0.005140443112005407
2018-03-15,0.0016879354155957757
2018-03-16,-0.0038235970385572166
2018-03-19,-0.010926803842334985
2018-03-20,0.00344508767713426
2018-03-21,-0.002540083687972785
2018-03-22,-0.007757503687952384
2018-03-23,-0.011227868695471115
2018-03-26,0.006970708817178543
2018-03-27,0.005882391587823391
2018-03-28,-0.011421138312475963
2018-04-02,0.015107643526888731
2018-04-03,0.004433368790858348
2018-04-04,0.0010365961919071858
2018-04-05,0.008273285756049109
2018-04-06,0.005030920565357646
2018-04-09,0.010424462420240624
2018-04-10,0.0023249165807145374
2018-04-11,0.0032890554678944037
2018-04-12,0.003374228367945631
2018-04-13,0.0028592832051598017
2018-04-16,0.0045359450101907116
2018-04-17,0.0015003690757893313
2018-04-18,-0.0006127824014228482
2018-04-19,0.003156344258011222
2018-04-20,0.0009051063092957894
2018-04-23,0.0037396910044569954
2018-04-24,0.0006761736892621868
2018-04-25,-0.0068388634872211616
2018-04-26,0.0013751095284900787
2018-04-27,-9.452862415716156e-05
2018-04-30,-4.3966371054162635e-05
2018-05-02,-0.005439595423937943
2018-05-03,-0.00868190928041761
2018-05-04,0.0002665275790284373
2018-05-07,0.006479697658829759
2018-05-08,-0.0045839404372732895
2018-05-09,0.0030156306989497406
2018-05-10,0.0020033038923947337
2018-05-11,-0.003314182173466475
2018-05-14,-0.00734477612814674
2018-05-15,-0.0012104391397390977
2018-05-16,-0.00015043110372313075
2018-05-17,8.08565063699874e-05
2018-05-18,-0.003798427241997932
2018-05-21,-0.007572576774822909
2018-05-22,0.003816937932823651
2018-05-23,0.0010392242800900053
2018-05-24,0.0016839467136376173
2018-05-25,3.929172610272252e-05
2018-05-28,0.01162565701030484
2018-05-29,0.004231082051448277
2018-05-30,-0.004481710419015132
2018-05-31,-0.005443309733141577
2018-06-01,-0.005984834597403315
2018-06-04,-0.00996949824477289
2018-06-05,-0.010204039723552714
2018-06-06,0.006752662538467852
2018-06-07,0.009536317883745241
2018-06-08,0.0057026071582196745
2018-06-11,0.0028775540640310206
2018-06-12,0.005092212360811139
2018-06-13,-0.0023963157001176327
2018-06-14,0.0023843890247607705
2018-06-15,-0.0034419983045238856
2018-06-18,-0.00895727126567206
2018-06-19,-0.003400441763447758
2018-06-20,-0.0035644054551939286
2018-06-21,-0.00921502681558308
2018-06-22,0.002087554081672611
2018-06-25,-0.00018171360673598915
2018-06-26,-0.01009143800942807
2018-06-27,-0.0033957769264447925
2018-06-28,-0.008261587648541081
2018-06-29,0.009074915043491786
2018-07-02,-0.004904845434764
2018-07-03,0.005813647275890483
2018-07-04,0.007480127551035075
2018-07-05,-0.0022747991452535367
2018-07-06,0.0025905059460787578
2018-07-09,0.00429265966684225
2018-07-10,0.0035347342839516503
2018-07-11,-0.004184823901204895
2018-07-12,-0.002788399154732811
2018-07-13,-0.003552570818460983
2018-07-16,-0.011793429075763064
2018-07-17,0.004021082465625454
2018-07-18,-0.009048789163541172
2018-07-19,-0.006663648868138229
2018-07-20,0.0018888111683949902
2018-07-23,0.007166354986735421
2018-07-24,0.00830746715676749
2018-07-25,0.0036972934498992
2018-07-26,0.004778218946985579
2018-07-27,0.0057419715587155844
2018-07-30,0.004746027758252778
2018-07-31,-0.00010877442971536203
2018-08-01,-0.0008690182198235833
2018-08-02,0.000495500686534182
2018-08-03,0.002459663940246844
2018-08-06,0.0035836959486161735
2018-08-07,-0.0006984447577809911
2018-08-08,0.0020180903371431105
2018-08-09,0.0011002980695798894
2018-08-10,-0.0007083341659152115
2018-08-13,-0.00336223559810789
2018-08-14,-0.0012836355351031291
2018-08-16,-0.0028410612902288386
2018-08-17,0.003786348582709327
2018-08-20,0.003811771882639635
2018-08-21,0.003796532407432839
2018-08-23,0.003988352079694516
2018-08-24,0.0006439264348772346
2018-08-27,0.011441492229715376
2018-08-28,0.008255819872660827
2018-08-29,-0.00012165098654781152
2018-08-30,0.002758083196552754
2018-08-31,0.002877278373907397
2018-09-03,0.0023046976489656396
2018-09-04,-0.008781701992711999
2018-09-05,-0.0037363749854329607
2018-09-06,0.005749472265055272
2018-09-07,0.003193214930069395
2018-09-10,-0.007636769035366699
2018-09-11,-0.0044191704866294625
2018-09-12,0.0012352811566783421
2018-09-14,0.003706952840143537
2018-09-17,-0.002090713495200496
2018-09-18,-0.005887896956557448
2018-09-19,-0.0042935722795297395
2018-09-21,-0.01764377226116929
2018-09-24,-0.012616303658091077
2018-09-25,-0.004426505741641707
2018-09-26,0.0005897445358631057
2018-09-27,-0.007313841024606706
2018-09-28,-0.0229993782419791
2018-10-01,0.0002131815929197064
2018-10-03,0.018459608428567434
2018-10-04,-0.010077090516992973
2018-10-05,-0.003817625479661118
2018-10-08,-0.006816946769217852
2018-10-09,-0.0017123184856185707
2018-10-10,0.014028187939056714
2018-10-11,-0.012216887860191672
2018-10-12,0.024732818747100805
2018-10-15,0.003703267808755662
2018-10-16,0.006978805083529107
2018-10-17,-0.011785904881847761
2018-10-19,-0.006817682156725102
2018-10-22,-0.008508157347123669
2018-10-23,-0.00542182858748416
2018-10-24,0.005608468617034479
2018-10-25,-0.0029682335440956785
2018-10-26,-0.0004695802255976634
2018-10-29,0.0038148507298998557
2018-10-30,0.00959136725088456
2018-10-31,0.010486476467877117
2018-11-01,0.0015743386621140847
2018-11-02,-0.002387023354032314
2018-11-05,0.010062959933725042
2018-11-06,-0.0014181952237723484
2018-11-07,0.003533838386335984
2018-11-09,0.0010689487284230616
2018-11-12,-0.014633272921768676
2018-11-13,-0.011789406744852652
2018-11-14,-0.0033705385390638124
2018-11-15,-0.0020403459972036255
2018-11-16,-0.0068664413646767385
2018-11-19,0.005784257374943183
2018-11-20,-0.002646647044803825
2018-11-21,-0.0018538002302797957
2018-11-22,-0.0008446177671082269
2018-11-26,-0.006425047380501086
2018-11-27,0.003620473732079222
2018-11-28,-0.005785346120201918
2018-11-29,0.001862881675320209
2018-11-30,-0.004227853072656748
2018-12-03,0.00872228557275516
2018-12-04,0.003299686830054495
2018-12-05,-0.010567899888135977
2018-12-06,-0.006062546666588014
2018-12-07,-0.0027285031853541792
2018-12-10,-0.004511673124558768
2018-12-11,0.01704307216172658
2018-12-12,0.015688031814030546
2018-12-13,0.0005340545335322651
2018-12-14,-0.007369370626168786
2018-12-17,-0.0018540345289137165
2018-12-18,-0.0025322501344726537
2018-12-19,0.002358866265147539
2018-12-20,-0.004354137863014345
2018-12-21,-0.006250710713587939
2018-12-24,-0.004856583896640756
2018-12-26,-0.002291557807662637
2018-12-27,0.004213490028817031
2018-12-28,0.005970963928536458
2018-12-31,0.0014748201704487352
2019-01-01,0.006579328908422151
2019-01-02,-0.0019515852928083243
2019-01-03,-0.0003976968668562372
2019-01-04,-0.0013524313463569434
2019-01-07,0.0018854578518104985
2019-01-08,0.0006725107450522804
2019-01-09,0.0064948379802582295
2019-01-10,0.0032208719199343454
2019-01-11,-0.0019141482429343595
2019-01-14,0.00574818384361641
2019-01-15,0.006166475831664978
2019-01-16,-0.0011235158500913233
2019-01-17,0.001918103567858361
2019-01-18,-0.007642669339117903
2019-01-21,-0.0035114641064701605
2019-01-22,-0.003060444777031896
2019-01-23,-0.0001417313100165769
2019-01-24,-0.0020319646485769186
2019-01-25,-0.003849411315066371
2019-01-28,-0.0059765574467687725
2019-01-29,0.006173399845504143
2019-01-30,-0.0004622937098289398
2019-01-31,0.008745217822592369
2019-02-01,0.00038941309815288905
2019-02-04,-0.004693963512611096
2019-02-05,0.0015502766985438334
2019-02-06,0.0023738650999512684
2019-02-07,-0.00012899015822620462
2019-02-08,-0.005563685609987574
2019-02-11,-0.00247995364984016
2019-02-12,-0.0025848206878478215
2019-02-14,-0.0035962614050871347
2019-02-15,-0.0006583904631369515
2019-02-18,-0.0032089805590277093
2019-02-19,0.0006427412966495732
2019-02-20,0.008648135305127898
2019-02-21,0.0037191373978426204
2019-02-22,0.004576234480829203
2019-02-25,0.0037388421672197125
2019-02-26,-0.006456180199348568
2019-02-27,0.0022687060262250014
2019-02-28,-0.0006704569001887449
2019-03-01,0.005597354587558359
2019-03-05,0.00818782907639427
2019-03-06,0.004822760539488346
2019-03-07,-8.801019084792814e-06
2019-03-08,-0.0009310570998008847
2019-03-11,0.004458815156962986
2019-03-12,0.0063730433056941975
2019-03-13,0.008079217749636524
2019-03-14,-0.0032691046222012143
2019-03-15,-0.00010585893626559767
2019-03-18,-0.005686040504079803
2019-03-19,0.005260259810936091
2019-03-20,-0.0044741568017457895
2019-03-22,-0.002280912144981667
2019-03-25,-0.008018399628527972
2019-03-26,0.002424920671033921
2019-03-27,0.004550145438426414
2019-03-28,0.0029011504523474086
2019-04-01,0.013294433052402174
2019-04-02,-0.0018366091075985272
2019-04-03,-0.003376458261121097
2019-04-04,0.002346794465763947
2019-04-05,0.0023539069764273667
2019-04-08,-9.263394687505248e-05
2019-04-09,0.0007321887624053832
2019-04-10,0.00046586996572809205
2019-04-11,-0.0005515596840733487
2019-04-12,0.003477724843092584
2019-04-15,0.0031521957287644
2019-04-16,0.0021332404519084306
2019-04-18,-0.007215192222217904
2019-04-22,-0.00473692550186984
2019-04-23,0.00020047407537242005
2019-04-24,0.005922453699780097
2019-04-25,-0.001703000390026206
2019-04-26,0.0015932687844238424
2019-04-30,-0.004721264511313661
2019-05-02,-0.003768772196337381
2019-05-03,-0.002461439682062426
2019-05-06,-0.00356754296192771
2019-05-07,0.0007964457857489139
2019-05-08,-0.005831448616700681
2019-05-09,-1.4796388554029634e-07
2019-05-10,-0.00013771354535274525
2019-05-13,-0.005514038461110292
2019-05-14,0.001925693582639761
2019-05-15,-0.004146732140206519
2019-05-16,0.00015486965214090922
2019-05-17,0.00703332229870932
2019-05-20,0.007887408366880943
2019-05-21,-0.00524299235988859
2019-05-22,0.0024645254502080093
2019-05-23,-1.8335966086047315e-05
2019-05-24,0.01109943070079069
2019-05-27,0.006797640667111499
2019-05-28,0.007178285284303634
2019-05-29,0.00044299583514913546
2019-05-30,-0.007041663956831716
2019-05-31,0.0037746697965055213
2019-06-03,0.0014711739748634715
2019-06-04,-0.002981800143915019
2019-06-06,0.003276551511500476
2019-06-07,-0.000746207685461149
2019-06-10,0.0015228971654787059
2019-06-11,-0.0016406209797259997
2019-06-12,-0.00041616699460443336
2019-06-13,-0.002995537575162161
2019-06-14,0.0006917744762578756
2019-06-17,-0.011713716792622033
2019-06-18,0.0010929848728138225
2019-06-19,-0.0016355357540217457
2019-06-20,0.020087436057271753
2019-06-21,0.0015257026591704126
2019-06-24,0.0007658459231508818
2019-06-25,0.003016793901707066
2019-06-26,-0.005149825256000927
2019-06-27,-0.000870810266910225
2019-06-28,0.00419772172548709
2019-07-01,-0.0027011614511833156
2019-07-02,0.0016228912515929312
2019-07-03,0.0061070707054160615
2019-07-04,-0.001598811701766571
2019-07-05,-0.0019227327854327363
2019-07-08,-0.00930144601053586
2019-07-09,-0.0051210946518226086
2019-07-10,-0.00039659257497823205
2019-07-11,0.006881641608468071
2019-07-12,-0.005309732544460266
2019-07-15,0.0005652865043806882
2019-07-16,-0.0012533390851075
2019-07-17,0.0007568858248134612
2019-07-18,-0.0023561893130388425
2019-07-19,-0.0024744470513177225
2019-07-22,-0.006414115914648441
2019-07-23,-0.0005586839974751801
2019-07-24,-0.004049079627351142
2019-07-25,-0.005748437939690147
2019-07-26,0.000836531259077724
2019-07-29,-0.0056386741668974566
2019-07-30,-0.012695949941961184
2019-07-31,0.0005223981499387275
2019-08-01,-0.005521715248308931
2019-08-02,0.015183366613637615
2019-08-05,-0.0021855467501990934
2019-08-06,0.009219796661352302
2019-08-07,0.010682115263333328
2019-08-08,0.003823659322274502
2019-08-09,0.0049499858051382266
2019-08-13,-0.004452326771461377
2019-08-14,0.003912814621803385
2019-08-16,-0.001546471664359405
2019-08-19,0.0021089340519504698
2019-08-20,-0.0025344855557836226
2019-08-21,-0.008078411398065897
2019-08-22,-0.010177933327168485
2019-08-23,0.00244605390389001
2019-08-26,0.01524842105277816
2019-08-27,0.012067543686074957
2019-08-28,0.0006511008348001155
2019-08-29,-0.002522743974636497
2019-08-30,-0.00010447958098935339
2019-09-03,0.0031110024454603915
2019-09-04,0.0009102602720579722
2019-09-05,0.0032722347075825123
2019-09-06,-0.003264591429962956
2019-09-09,0.009003812193922319
2019-09-11,0.002922937325369496
2019-09-12,-0.0025939221291946066
2019-09-13,0.003676003529625605
2019-09-16,0.008368736212762304
2019-09-17,-0.00882055279574186
2019-09-18,0.002596470271431942
2019-09-19,-0.010946721713470274
2019-09-20,0.01797764284908441
2019-09-23,0.03134369962863175
2019-09-24,-0.004196864279540904
2019-09-25,-0.00990289116633246
2019-09-26,-7.583541382626303e-05
2019-09-27,-0.002743396812166415
2019-09-30,-0.001371756687743243
2019-10-01,-0.012356667557788352
2019-10-03,0.0005208710824065317
2019-10-04,0.0005238935205173561
2019-10-07,-0.0023000182216910523
2019-10-09,0.00580478017069551
2019-10-10,-0.0018830310805492126
2019-10-11,0.0007503410619271008
2019-10-14,0.0015947188613637732
2019-10-15,0.004429013922822949
2019-10-16,0.001719368911737272
2019-10-17,0.004290797050228981
2019-10-18,0.00616162752206587
2019-10-22,-0.0011265895951965957
2019-10-23,-0.000729976056038718
2019-10-24,-0.0027778798319865
2019-10-25,0.0013689683601216295
2019-10-27,0.004930137786985946
2019-10-29,0.0014538823613463702
2019-10-30,-0.001464308651449786
2019-10-31,0.014659073465378968
2019-11-01,0.006743715695656913
2019-11-04,0.0027537990636459586
2019-11-05,0.00023497761821739883
2019-11-06,0.0010238996828576174
2019-11-07,0.002011174008050754
2019-11-08,-0.0059520152641374564
2019-11-11,0.006800288072875642
2019-11-13,0.00313924895533067
2019-11-14,0.0035947024462880347
2019-11-15,-0.00618655759689235
2019-11-18,0.0005899699511668483
2019-11-19,0.004087590926972235
2019-11-20,0.0018447058856995255
2019-11-21,-0.004893386872519449
2019-11-22,0.0009087150605611625
2019-11-25,0.0021598002652866073
2019-11-26,0.0010415309992853482
2019-11-27,0.004517470470226248
2019-11-28,0.004936959782291437
2019-11-29,0.002687137075141401
2019-12-02,-0.0033049736479195077
2019-12-03,-0.005522151572066964
2019-12-04,0.00839886738941251
2019-12-05,-0.003785836701843881
2019-12-06,-0.0037975138336423845
2019-12-09,-0.003319188216267848
2019-12-10,-0.008054763666506495
2019-12-11,0.0028068952483385253
2019-12-12,0.003980461171618416
2019-12-13,0.003703408638807215
2019-12-16,0.004698280767644225
2019-12-17,0.00997068565163637
2019-12-18,-0.00016302824766297228
2019-12-19,0.0019402455172538764
2019-12-20,0.002174970124383943
2019-12-23,-0.0029370821743106394
2019-12-24,0.0010582431279253365
2019-12-26,0.009313830184529913
2019-12-27,0.008545464554252988
2019-12-30,0.0049838800257842025
2019-12-31,0.002084268945427709
2020-01-01,0.00637600845355969
2020-01-02,0.0046264368433253395
2020-01-03,0.010556871125045868
2020-01-06,-0.0036494834064782827
2020-01-07,0.0016474439611648575
2020-01-08,0.007308376012402522
2020-01-09,0.005894201466164993
2020-01-10,0.0032712226904254797
2020-01-13,0.0052482537036512315
2020-01-14,0.0062035687772019395
2020-01-15,0.006639807873123546
2020-01-16,0.004042739719683709
2020-01-17,-0.002881096785963769
2020-01-20,0.0015550701296722365
2020-01-21,-0.0006686158914875814
2020-01-22,0.003662483751951063
2020-01-23,0.009082020566418355
2020-01-24,0.007063648074938274
2020-01-27,0.0028761144855427526
2020-01-28,-0.0027481655332033806
2020-01-29,-0.0010193449120630166
2020-01-30,-0.006460306796213209
2020-01-31,-0.002277304402317218
2020-02-03,-0.013336876371040222
2020-02-04,0.014421106536917423
2020-02-05,0.006532397872152514
2020-02-06,0.006978932114679133
2020-02-07,0.010936813175610252
2020-02-10,0.008177820053041603
2020-02-11,0.009705344020266201
2020-02-12,-0.01054701587250434
2020-02-13,-0.0037436967859539243
2020-02-14,-0.004482114856149618
2020-02-17,-0.0051053305510394935
2020-02-18,-0.005250141043823851
2020-02-19,0.01658945562363281
2020-02-20,0.0022494939734960147
2020-02-24,0.0001775979323451199
2020-02-25,-0.012601681170773111
2020-02-26,-0.004837319184846206
2020-02-27,-0.002805314248469423
2020-02-28,-0.02697580570169046
2020-03-02,-0.00918912260952755
2020-03-03,0.006577042580864321
2020-03-04,-0.0032542909364825846
2020-03-05,0.007932961392374555
2020-03-06,-0.0064902705840198
2020-03-09,-0.034433216549090005
2020-03-11,-0.0027928977084063027
2020-03-12,-0.046933809713364354
2020-03-13,-0.007775538704962847
2020-03-16,-0.03948663528449867
2020-03-17,-0.017249377600655563
2020-03-18,-0.028795225492147192
2020-03-19,-0.01980157442238133
2020-03-20,0.03161558127890337
2020-03-23,-0.0738150498891169
2020-03-24,0.02290963228311595
2020-03-25,0.03082436256114742
2020-03-26,0.003808628984973655
2020-03-27,0.015648843339138404
2020-03-30,-0.00011914829413440695
2020-03-31,0.0025471280083183066
2020-04-01,-0.006833646172653271
2020-04-03,0.012064431713532544
2020-04-07,0.03528153077025735
2020-04-08,0.007407068630619968
2020-04-09,0.032582338853567795
2020-04-13,0.017053661754574186
2020-04-15,0.006028228729369511
2020-04-16,0.020240003843925464
2020-04-17,0.010367578910293624
2020-04-20,-9.47521561047251e-05
2020-04-21,-0.013765769780013658
2020-04-22,0.004279600089118771
2020-04-23,0.009504627153689207
2020-04-24,-0.014783914215267778
2020-04-27,0.007597211033377719
2020-04-28,0.0049176275155479315
2020-04-29,0.0036914962490876453
2020-04-30,0.01745994847273103
2020-05-04,-0.01467199501676318
2020-05-05,-0.01498008232825393
2020-05-06,-0.006007045989086932
2020-05-07,-0.00043859896812765384
2020-05-08,0.003955009527264326
2020-05-11,-0.005351345192822952
2020-05-12,0.0004466007987187878
2020-05-13,0.008627983912862383
2020-05-14,0.004220982958778097
2020-05-15,0.006528582161526874
2020-05-18,-0.0013947953143321119
2020-05-19,-0.013960271582073504
2020-05-20,0.004961333062048941
2020-05-21,-0.0023091137546173935
2020-05-22,-0.005769482001234383
2020-05-26,0.005669834551812745
2020-05-27,-0.0009428109570803942
2020-05-28,0.011254212222937997
2020-05-29,0.0072716462066655585
2020-06-01,0.024095934251170698
2020-06-02,0.008853438706868475
2020-06-03,0.004012621208526055
2020-06-04,0.0010751314331059645
2020-06-05,0.018327441424883042
2020-06-08,0.0007667546462405317
2020-06-09,-0.0016680686376901353
2020-06-10,0.0027204373822542964
2020-06-11,-0.005759068617882339
2020-06-12,0.003549637881799814
2020-06-15,-0.003110371096973048
2020-06-16,0.012975402024696474
2020-06-17,0.0023624106188462088
2020-06-18,0.009489573397892876
2020-06-19,0.005388856594392566
2020-06-22,0.005037984267364727
2020-06-23,0.015428313947947924
2020-06-24,-0.0034458927176348377
2020-06-25,0.001656107146754033
2020-06-26,-0.001723874939103103
2020-06-29,-0.007741764656355419
2020-06-30,-0.006889928981774511
2020-07-01,0.010436188771998891
2020-07-02,0.002247142656448571
2020-07-03,-0.00014564088247195472
2020-07-06,0.008516452880564946
2020-07-07,0.007017286579156298
2020-07-08,0.0069032049081141494
2020-07-09,0.005123402640639751
2020-07-10,-0.007216511163406042
2020-07-13,0.0044273512256557766
2020-07-14,-0.006588801967228955
2020-07-15,-0.003839883287928088
2020-07-16,-0.0016617905382861097
2020-07-17,0.0028292014762408627
2020-07-20,0.012184285924491061
2020-07-21,0.00808312898343105
2020-07-22,0.0018621689721842153
2020-07-23,0.012410468999582905
2020-07-24,0.002592011324558471
2020-07-27,0.011691712360277133
2020-07-28,0.003863857461555066
2020-07-29,0.00622830359917089
2020-07-30,-0.0055969835735467455
2020-07-31,0.012694394879689506
2020-08-03,0.0035441911409036238
2020-08-04,0.011070461291307175
2020-08-05,0.021404119259205955
2020-08-06,0.009141357573245799
2020-08-07,0.006086857429386073
2020-08-10,-0.0014448497378367878
2020-08-11,-0.0016192820520451686
2020-08-12,-0.011239022641512796
2020-08-13,0.005155382448768381
2020-08-14,-0.0007048421443458798
2020-08-17,0.006119827162364325
2020-08-18,0.021931841975502363
2020-08-19,-0.0007353358439364784
2020-08-20,-0.0101172294395455
2020-08-21,0.007711217617437967
2020-08-24,0.0001139005252565872
2020-08-25,-0.004628415404072617
2020-08-26,0.0037198067938865945
2020-08-27,0.0013295160503744108
2020-08-28,-0.007554347366858014
2020-08-31,-0.017671350142976584
2020-09-01,0.00590199414674696
2020-09-02,0.005822736150656666
2020-09-03,-0.0022089605623224476
2020-09-04,-0.008080076228640593
2020-09-07,0.001426167880376768
2020-09-08,-0.007154086442693717
2020-09-09,-0.0068615694268310545
2020-09-10,0.007286681907407117
2020-09-11,0.003392002163922319
2020-09-14,0.006829237559225929
2020-09-15,0.010465263359614037
2020-09-16,0.005607506903811953
2020-09-17,-0.003938902695319443
2020-09-18,0.0021848562750468852
2020-09-21,-0.02411081531369673
2020-09-22,-0.012700241324276058
2020-09-23,0.00014726809750695356
2020-09-24,-0.017622627186318417
2020-09-25,0.02083891480863665
2020-09-28,0.012121408998257407
2020-09-29,0.005613958265770991
2020-09-30,0.001438937666010463
2020-10-01,0.002691844509200412
2020-10-05,0.00038447700421233
2020-10-06,0.008248180935630223
2020-10-07,-0.011433689834596564
2020-10-08,0.0021748252817073662
2020-10-09,0.0027552069881511634
2020-10-12,-0.0009254904163409189
2020-10-13,0.005932523509567908
2020-10-14,-0.001543718251159944
2020-10-15,-0.010169964982829068
2020-10-16,0.009564733948690333
2020-10-19,0.006325976864229572
2020-10-20,-0.0002469589814217707
2020-10-21,0.0020407648646444923
2020-10-22,0.002270368451417615
2020-10-23,0.004558704558460075
2020-10-26,-0.007449315734043078
2020-10-27,0.003092007482379049
2020-10-28,-0.002457159771596072
2020-10-29,-0.0061718218044129304
2020-10-30,-0.00400874329875673
2020-11-02,0.0029996743226787703
2020-11-03,0.007499552711927396
2020-11-04,0.005376057000526604
2020-11-05,0.011312335182678206
2020-11-06,0.008299391312935082
2020-11-09,0.008890792972457734
2020-11-10,-0.020031634120515958
2020-11-11,0.00312466868196328
2020-11-12,0.005947155548999689
2020-11-13,0.010242921549563709
2020-11-14,0.005730069291016893
2020-11-17,0.0031291041152483865
2020-11-18,0.0031034984294036434
2020-11-19,-0.005493770989067184
2020-11-20,0.009724335283925233
2020-11-23,0.003667588162375649
2020-11-24,-0.007158167411809915
2020-11-25,-0.006760798552144936
2020-11-26,0.010504240126256476
2020-11-27,0.005589587552288718
2020-12-01,-0.0009260590938639755
2020-12-02,0.009177637925240355
2020-12-03,0.008326470830220947
2020-12-04,0.0005650356620386056
2020-12-07,0.006334132361568516
2020-12-08,-0.0011346616474211392
2020-12-09,0.004203303566492793
2020-12-10,-0.0038229880789094482
2020-12-11,0.002718272004667456
2020-12-14,0.00413106064953641
2020-12-15,0.01035701694141063
2020-12-16,0.01294541157916091
2020-12-17,0.0010288098007554917
2020-12-18,-0.0063963793188144035
2020-12-21,-0.02178752581122049
2020-12-22,0.002926908994337581
2020-12-23,0.013824126758677958
2020-12-24,0.001630500919118684
2020-12-28,0.012289540864611604
2020-12-29,0.009255602983652335
2020-12-30,0.0018939352599203132
2020-12-31,-5.330816762810553e-05
2021-01-01,0.006458760606576973
2021-01-04,0.014127885884537521
2021-01-05,0.003578461722417534
2021-01-06,-0.0018731951348784836
2021-01-07,0.004042432235386104
2021-01-08,0.005177165248353142
2021-01-11,-0.007392608156959309
2021-01-12,0.0036240853445265175
2021-01-13,-0.0069960154970969335
2021-01-14,-0.0008124165841725656
2021-01-15,0.000888290974094787
2021-01-18,-0.00747315094735307
2021-01-19,0.010810752177235169
2021-01-20,0.004002527200079097
2021-01-21,-0.0003649080852850103
2021-01-22,-0.007880894869050017
2021-01-25,-0.006023117522070932
2021-01-27,-0.0008537613022948166
2021-01-28,-0.0004544027981981181
2021-01-29,0.0011071764606191035
2021-02-01,0.009937793914179002
2021-02-02,0.003521455114093912
2021-02-03,0.009805143293250084
2021-02-04,0.00202218989648499
2021-02-05,-0.004953620124364945
2021-02-08,0.01340314621294217
2021-02-09,0.004692909277487538
2021-02-10,-0.0014217057301544062
2021-02-11,0.0019222974296946671
2021-02-12,-0.005079858821755405
2021-02-15,-0.0006838538098084125
2021-02-16,0.0005122290009849903
2021-02-17,-0.006745179128566911
2021-02-18,0.008613039584430694
2021-02-19,-0.006876317081035491
2021-02-22,-0.011480584498999576
2021-02-23,0.008474242378755492
2021-02-24,0.005619405454425857
2021-02-25,-0.0002138741986666705
2021-02-26,-0.007392660461751943
2021-03-01,0.00797690250746686
2021-03-02,-0.003604130542621807
2021-03-03,0.0033207573945499324
2021-03-04,0.0006257707160250891
2021-03-05,-0.012156977191346358
2021-03-08,0.0069326651597817895
2021-03-09,-0.0011387481384466777
2021-03-10,0.003400953639502008
2021-03-12,-0.0002949025845939049
2021-03-15,0.005935629020188043
2021-03-16,0.0036699062681384525
2021-03-17,-0.010717537555368173
2021-03-18,-0.0038488929638898503
2021-03-19,0.0035164129609000245
2021-03-22,0.0006162165903285901
2021-03-23,0.005820583526267685
2021-03-24,-0.007100814926994134
2021-03-25,-0.010364458241276978
2021-03-26,0.0002786808819370731
2021-03-30,0.005662814730479957
2021-03-31,0.001498992271092561
2021-04-01,0.02032050658801528
2021-04-05,-0.0013142896097579097
2021-04-06,0.004346059008895747
2021-04-07,0.009439773997534495
2021-04-08,0.0072373581409818704
2021-04-09,0.0020916033044977543
2021-04-12,-0.019716812941883655
2021-04-13,0.00795810743198328
2021-04-15,0.0009215446108301031
2021-04-16,0.006254688170955882
2021-04-19,-0.001342935109878878
2021-04-20,0.005835086329417225
2021-04-22,0.01594390804000082
2021-04-23,-0.0040580825819383675
2021-04-26,0.0042558170723803485
2021-04-27,0.004748115383687797
2021-04-28,0.003750988390487801
2021-04-29,-0.002333697102007406
2021-04-30,-0.003719948286615657
2021-05-03,0.012030144892658932
2021-05-04,-0.003470027098375011
2021-05-05,0.005159780107518672
2021-05-06,0.004049298893184646
2021-05-07,0.006085089064095988
2021-05-10,0.011786003372381126
2021-05-11,0.0060025639052813055
2021-05-12,-0.005570445095605235
2021-05-14,-0.005039967126318054
2021-05-17,0.0073832040262999145
2021-05-18,0.01040136641042483
2021-05-19,-0.00021769004497672784
2021-05-20,0.004692070800438497
2021-05-21,0.012204458391544182
2021-05-24,0.000632688392619883
2021-05-25,0.003344007890508532
2021-05-26,0.006463314046166543
2021-05-27,-0.003767603711708464
2021-05-28,0.00215247256562879
2021-05-31,0.002334589482789769
2021-06-01,-0.0021234287053095067
2021-06-02,0.008150734784234179
2021-06-03,0.0008376293824677986
2021-06-04,3.2129066572903206e-05
2021-06-07,0.008356291532876148
2021-06-08,0.0027500505968265656
2021-06-09,-0.007139674911198257
2021-06-10,0.006815449037149306
2021-06-11,0.013227562062908595
2021-06-14,0.002266195110427532
2021-06-15,0.0023633894994427376
2021-06-16,-0.0018987034924699679
2021-06-17,-0.008838990576420331
2021-06-18,-0.0032931571078167166
2021-06-21,0.00525810167357393
2021-06-22,-0.000941314959030735
2021-06-23,-9.142385137687191e-05
2021-06-24,-0.0023733628654022633
2021-06-25,0.001787138227743674
2021-06-28,-0.0006782604527446649
2021-06-29,0.009031261312130797
2021-06-30,-0.0041687886118851394
2021-07-01,0.0067817517104192425
2021-07-02,0.007276805101006432
2021-07-05,0.006502818508477835
2021-07-06,0.004561466282785435
2021-07-07,0.007599708842089963
2021-07-08,-0.0003066021037673697
2021-07-09,0.0074611401966047305
2021-07-12,0.004011378033071409
2021-07-13,0.0035287470902694473
2021-07-14,0.002821810127510708
2021-07-15,0.0035266309420407516
2021-07-16,0.002191601859673415
2021-07-19,-0.007224289737459596
2021-07-20,-0.0057973388353074
2021-07-22,0.0034998721683353255
2021-07-23,0.0013120628942405595
2021-07-26,0.007083227595304967
2021-07-27,-0.0008031078674363731
2021-07-28,0.0009328500956897664
2021-07-29,0.002885550568433209
2021-07-30,-0.0009978986903353905
2021-08-02,0.004937344398414805
2021-08-03,-0.0026873228296254905
2021-08-04,-0.003854720870113493
2021-08-05,0.00028867964825880267
2021-08-06,-0.0005086473073923452
2021-08-09,-0.012337103353218129
2021-08-10,-0.011382883529979824
2021-08-11,-0.002860224171094033
2021-08-12,0.01130572244490357
2021-08-13,-0.0019788309865242854
2021-08-16,-0.002180311650056084
2021-08-17,0.0004761326893195742
2021-08-18,-0.0030401645438203934
2021-08-20,-0.008448424602116623
2021-08-23,-0.005362106884487392
2021-08-24,0.012812293909379146
2021-08-25,0.0013626609836010853
2021-08-26,-0.0027634271201520426
2021-08-27,0.006765356727405886
2021-08-30,0.006133629283010902
2021-08-31,-0.004097719743078597
2021-09-01,-0.000992960255645066
2021-09-02,0.007038236383757567
2021-09-03,0.00403454274047497
2021-09-06,0.005756444135895345
2021-09-07,-0.0037111595981709493
2021-09-08,0.002908405642444521
2021-09-09,0.003609433636759833
2021-09-13,0.003721701319936606
2021-09-14,0.004362886962659025
2021-09-15,0.0022703895653408816
2021-09-16,-0.0006011362894384055
2021-09-17,-0.010442663313967924
2021-09-20,-0.009990518429887036
2021-09-21,0.0027579762742439055
2021-09-22,0.00894318112833021
2021-09-23,0.008980156248717192
2021-09-24,-0.002199019070743141
2021-09-27,0.0011375018699983357
2021-09-28,-0.0017191292955587474
2021-09-29,0.002194048869156981
2021-09-30,0.0052621761164812755
2021-10-01,0.007897964924218232
2021-10-04,0.008342069543413847
2021-10-05,0.004599142963752284
2021-10-06,-0.0037615450520787977
2021-10-07,0.003682482371609936
2021-10-08,0.0033541142140214803
2021-10-11,0.004422826594063113
2021-10-12,0.0014973482936773222
2021-10-13,0.002863502098523892
2021-10-14,0.005718074815785271
2021-10-18,-4.375901395953523e-06
2021-10-19,-0.0070157449034466786
2021-10-20,-0.0102645304128576
2021-10-21,0.007183118565359
2021-10-22,0.00033907753904353444
2021-10-25,-0.006344328244666917
2021-10-26,0.01505490949472383
2021-10-27,-0.003647549558377047
2021-10-28,-0.004848271745015205
2021-10-29,0.0020177347573475295
2021-11-01,0.009797959103963168
2021-11-02,0.00769009464065293
2021-11-03,0.0017160395698276678
2021-11-04,0.00994253119706242
2021-11-08,-8.966567003255012e-05
2021-11-09,0.008241382592746416
2021-11-10,-0.0033893190960603984
2021-11-11,0.0036337739177228867
2021-11-12,0.0007837826011905187
2021-11-15,0.00023744507123262706
2021-11-16,0.007651197226266428
2021-11-17,-0.002161267172295844
2021-11-18,-0.003893331320721876
2021-11-22,-0.017087203646484195
2021-11-23,0.0016934356016108077
2021-11-24,0.0010584418407768575
2021-11-25,0.011662984143896004
2021-11-26,-0.010911910087212219
2021-11-29,-0.00955732788077887
2021-11-30,0.0027705606101414443
2021-12-01,0.002632966203382879
2021-12-02,0.0028817751173915887
2021-12-03,0.0012503528944456338
2021-12-06,-0.002847134550642186
2021-12-07,0.009675548209532054
2021-12-08,0.011557962985134323
2021-12-09,0.007161101131962082
2021-12-10,0.002773317998848497
2021-12-13,0.009957761156528976
2021-12-14,-0.00035820028508253823
2021-12-15,0.0021448972824609984
2021-12-16,0.001095815252562951
2021-12-17,-0.012778606335545607
2021-12-20,-0.024058143309399833
2021-12-21,0.007235153453345488
2021-12-22,0.01024008821206223
2021-12-23,0.005384296085656945
2021-12-24,0.0004894765525482831
2021-12-27,0.009513921977015153
2021-12-28,0.00477308133162836
2021-12-29,-0.0011397700518401383
2021-12-30,0.0015603567227484077
2021-12-31,0.00839790694152728
2022-01-03,0.009307060877231795
2022-01-04,0.0009020146624355012
2022-01-05,-0.0007656866686133575
2022-01-06,-0.00528920614052132
2022-01-07,0.00017266519328084225
2022-01-10,0.003862526219233344
2022-01-11,0.0064875385290657055
2022-01-12,0.007290243999073171
2022-01-13,0.0041927225028118974
2022-01-14,0.0018961834866261624
2022-01-17,0.007586149461842857
2022-01-18,-0.010428731491732448
2022-01-19,0.002099782151438906
2022-01-20,0.0024392857024467017
2022-01-21,-0.015410886615034154
2022-01-24,-0.02171039609654855
2022-01-25,0.010847596756096313
2022-01-27,-0.004280234735275686
2022-01-28,-0.003664084805587454
2022-01-31,0.004024210844533304
2022-02-01,0.014116584348015734
2022-02-02,0.009576308749833453
2022-02-03,-0.0012826072498923194
2022-02-04,-0.0017571565098622774
2022-02-07,-0.007318526371981799
2022-02-08,-0.00454895869993938
2022-02-09,0.004985804067485377
2022-02-10,0.0005540934159657022
2022-02-11,-0.014255838008297939
2022-02-14,-0.017213799269874236
2022-02-15,0.008917212148796698
2022-02-16,0.004438257119601591
2022-02-17,0.0017635780288381654
2022-02-18,-0.004037885554584448
2022-02-21,-0.01629946402319469
2022-02-22,-0.011494670533863173
2022-02-23,0.003633529640470804
2022-02-24,-0.025568393212722727
2022-02-25,0.018059027700206922
2022-02-28,0.005866430375543764
2022-03-02,0.008589359567772382
2022-03-03,0.007355597415098612
2022-03-04,-0.009717620482160731
2022-03-07,-0.0051317880861475925
2022-03-08,0.01185407777101411
2022-03-09,0.008047502773422052
2022-03-10,-0.00408757018816092
2022-03-11,0.012187750697133558
2022-03-14,-0.006212614739940879
2022-03-15,-0.007911803652778143
2022-03-16,0.008853993382298446
2022-03-17,0.009386911773014268
2022-03-21,0.0016059678090610814
2022-03-22,0.005818291957452028
2022-03-23,0.008647206402355088
2022-03-24,0.002314856410209622
2022-03-25,0.0006473920954434338
2022-03-28,-0.005915431579614479
2022-03-29,0.005774608260746621
2022-03-30,0.0051245208321569905
2022-03-31,0.0014810210586189247
2022-04-01,0.023880984647514536
2022-04-04,0.003801555618085788
2022-04-05,0.007305476505210769
2022-04-06,0.004229044673422505
2022-04-07,-0.001462186028223112
2022-04-08,0.006835843137368862
2022-04-11,0.009936873009577137
2022-04-12,-0.0034711760582400134
2022-04-13,0.009129240456593397
2022-04-18,0.0034147640852938838
2022-04-19,-0.007625588695592853
2022-04-20,-0.0063636665024689116
2022-04-21,0.003043245165515064
2022-04-22,0.0013470250014512872
2022-04-25,-0.014713893279388162
2022-04-26,0.0036635128969647744
2022-04-27,-0.010158395353540168
2022-04-28,0.001445015490192705
2022-04-29,-0.0016335204318731864
2022-05-02,-0.009630396233846664
2022-05-04,-0.013095973917176748
2022-05-05,0.003767984265182558
2022-05-06,-0.015559396863189157
2022-05-09,-0.011534637064171661
2022-05-10,-0.01375536558708672
2022-05-11,-0.015036828389789248
2022-05-12,-0.015218665246234555
2022-05-13,0.0016640140377701792
2022-05-16,0.0062299054682203245
2022-05-17,0.022886106005311286
2022-05-18,0.003776034294835815
2022-05-19,-0.012214756867815098
2022-05-20,0.021559382175112204
2022-05-23,-0.0030917095209606698
2022-05-24,-0.005936995130534021
2022-05-25,-0.009879043498194113
2022-05-26,-0.0014514235560636008
2022-05-27,0.007046474445991819
2022-05-30,0.012174320994765404
2022-05-31,-0.0030561390894645146
2022-06-01,0.0011065445578915486
2022-06-02,0.005895117626391722
2022-06-03,-0.0054452452979015745
2022-06-06,-0.0002521157645308498
2022-06-07,-0.002650283368491431
2022-06-08,0.0002367971106138633
2022-06-09,0.005120934206786183
2022-06-10,-0.008512070218165623
2022-06-13,-0.016686084773667665
2022-06-14,-0.006580224894459264
2022-06-15,0.005159761674964206
2022-06-16,-0.014472871656178268
2022-06-17,0.002825122835841589
2022-06-20,-0.021521988669440106
2022-06-21,0.012290209936167602
2022-06-22,-0.008675183121793582
2022-06-23,0.006143827635466408
2022-06-24,0.01232622937912579
2022-06-27,0.01666202441998894
2022-06-28,0.0010218595180650127
2022-06-29,-0.005943070683690257
2022-06-30,0.0032685045961045275
2022-07-01,0.002233606159689839
2022-07-04,0.007261708422255461
2022-07-05,0.0029802525412457722
2022-07-06,0.00400201959668937
2022-07-07,0.0013476340163536293
2022-07-08,0.0014678015180270196
2022-07-11,0.0025851131181122322
2022-07-12,-0.0035829257607715268
2022-07-13,0.0009244021221467302
2022-07-14,-0.002062719402782946
2022-07-15,0.005213252813482413
2022-07-18,0.012167392761839134
2022-07-19,-0.0011008934491874586
2022-07-20,0.003329368570006304
2022-07-21,0.0065846043086009946
2022-07-22,0.0048695047324609315
2022-07-25,-0.004544197216388503
2022-07-26,-0.006236058073910355
2022-07-27,0.0026168291151204685
2022-07-28,0.007903928341067118
2022-07-29,0.00985887688288186
2022-08-01,0.006054265303208829
2022-08-02,-0.0009946674776335168
2022-08-03,-0.002581801008034826
2022-08-04,0.009241730085455568
2022-08-05,0.00289312489332094
2022-08-08,0.001420381808313021
2022-08-10,-0.0023955898103041684
2022-08-11,0.009809532571168709
2022-08-12,0.004242697059758416
2022-08-16,0.005171047670623064
2022-08-17,0.00014168125557486916
2022-08-18,-0.0009721194129711411
2022-08-19,-0.0065788204677772145
2022-08-22,-0.01345395469193364
2022-08-23,0.008498055823249362
2022-08-24,0.005952074964734315
2022-08-25,0.005574701684299906
2022-08-26,0.0005833537996390622
2022-08-29,-0.007095692459253302
2022-08-30,0.011125498238136938
2022-09-01,-0.0010182673160229671
2022-09-02,0.0011191038621589358
2022-09-05,0.004142213061517622
2022-09-06,0.0036665318127092803
2022-09-07,6.51220422150492e-05
2022-09-08,0.0052808581449794514
2022-09-09,0.0003214981605351515
2022-09-12,0.0032918900833739505
2022-09-13,0.004145771784223058
2022-09-14,-0.0039260073740787415
2022-09-15,0.003564953412374181
2022-09-16,-0.023506848518158548
2022-09-19,0.004927686573837074
2022-09-20,0.0050695305439756215
2022-09-21,-0.0005868540349216933
2022-09-22,-6.745772690313308e-05
2022-09-23,-0.01188330931343473
2022-09-26,-0.02018389470436345
2022-09-27,0.0027278079596698623
2022-09-28,-0.006063997394893299
2022-09-29,0.012803324771476129
2022-09-30,0.00688498243269353
2022-10-03,-0.004675430478520107
2022-10-04,0.01806022111241249
2022-10-06,0.01174780180784501
2022-10-07,0.0036282987478342245
2022-10-10,-0.011493840573835706
2022-10-11,-0.01160373662761843
2022-10-12,-1.4109186256565289e-05
2022-10-13,-0.00130685228865574
2022-10-14,-0.0036156262663037094
2022-10-17,-0.0010227146918400847
2022-10-18,0.0047143595931892655
2022-10-19,-9.79148150074581e-05
2022-10-20,-0.0034031776549589138
2022-10-21,-0.008025289890906099
2022-10-24,0.016316789476298763
2022-10-25,-0.010380504582506542
2022-10-27,0.0037566083683309185
2022-10-28,-0.0053152006354924035
2022-10-31,0.006925314770166811
2022-11-01,0.00428633425480011
2022-11-02,-0.0011242737981387693
2022-11-03,-0.006040720483403159
2022-11-04,0.004042605521377561
2022-11-07,0.005916958472161773
2022-11-09,0.002575047213576764
2022-11-10,-0.005005682652259434
2022-11-11,0.011944014088801188
2022-11-14,0.006529938340843502
2022-11-15,0.0020994667163424206
2022-11-16,0.0009517341165539763
2022-11-17,-0.0035780824263011183
2022-11-18,0.00019809843217493043
2022-11-21,-0.006998136534967142
2022-11-22,0.0006486165805439217
2022-11-23,-5.101155731650652e-05
2022-11-24,0.006202385508416681
2022-11-25,0.0035851173963371815
2022-11-28,0.003924412760795526
2022-11-29,-0.0018169509115443714
2022-11-30,0.00638341111705465
2022-12-01,0.005290308492525918
2022-12-02,0.006312895994986183
2022-12-05,0.0044896641934853146
2022-12-06,-0.0015500671649262305
2022-12-07,-0.0031495787645166194
2022-12-08,0.002659120689179233
2022-12-09,-0.0030946575104931185
2022-12-12,0.001081007468995084
2022-12-13,0.0003044774987406924
2022-12-14,0.008261180696689905
2022-12-15,-0.009114317809858552
2022-12-16,-0.004005791882002187
2022-12-19,0.005603800659521731
2022-12-20,-0.0008783058342796435
2022-12-21,-0.008422930112548188
2022-12-22,-0.005215860743864629
2022-12-23,-0.0247492524930647
2022-12-26,0.016539081158944435
2022-12-27,0.011803259640472357
2022-12-28,-0.004091197941369882
2022-12-29,-0.0012648182924317082
2022-12-30,0.008284152312955435
2023-01-02,0.008957936024932127
2023-01-03,0.003026736474638291
2023-01-04,-0.0031234670663146512
2023-01-05,-0.00028002427009634484
2023-01-06,-0.006447846438513166
2023-01-09,0.010520645400688438
2023-01-10,-0.00485605106914345
2023-01-11,0.002128990446593593
2023-01-12,0.0003526000540025817
2023-01-13,0.002636919507756984
2023-01-16,0.0031837618715526237
2023-01-17,-0.001672240329635547
2023-01-18,0.002758342531092864
2023-01-19,-0.0022097823946827942
2023-01-20,-0.0015893926731346622
2023-01-23,0.002831279629948285
2023-01-24,0.002039549448539756
2023-01-25,-0.01069307434750306
2023-01-27,-0.011838576096595102
2023-01-30,0.001076581360766012
2023-01-31,0.008338386825866075
2023-02-01,-0.0005205977209463606
2023-02-02,0.011794295044609656
2023-02-03,-0.014058289409226966
2023-02-06,0.0037399571518402347
2023-02-07,0.006347636274314859
2023-02-08,0.006841780431660712
2023-02-09,-0.002536789955537433
2023-02-10,0.0032754583131236973
2023-02-13,-0.0077014937670134825
2023-02-14,-0.0020626980091023647
2023-02-15,-0.0020934007341061236
2023-02-16,0.0002383278098449094
2023-02-17,-0.004506905695806624
2023-02-20,0.005495788123433745
2023-02-21,-0.002721838103097075
2023-02-22,-0.00910160340626601
2023-02-23,-0.001124753897896471
2023-02-24,-0.0019765654748117815
2023-02-27,-0.011527537292704452
2023-02-28,0.0020342544152854025
2023-03-01,0.011221107674459907
2023-03-02,-0.0006779262044294214
2023-03-03,0.0034578021068520696
2023-03-06,0.005295628078917282
2023-03-08,-0.00792886605547003
2023-03-09,-0.0017291483477968818
2023-03-10,0.002172773988253224
2023-03-13,-0.002097164121457778
2023-03-14,-0.002011228483088054
2023-03-15,0.0008858419976517327
2023-03-16,0.004718603910650835
2023-03-17,0.004157733199408273
2023-03-20,0.002023034719492315
2023-03-21,0.0005564884279748453
2023-03-22,-0.0005744994360336333
2023-03-23,0.003047229667172465
2023-03-24,0.0024645143772691414
2023-03-27,-0.007255721655474105
2023-03-28,-0.005231989244745132
2023-03-29,0.011269655887350873
2023-03-31,0.012036566507968915
2023-04-03,0.0054592245901884644
2023-04-05,0.01088639860509125
2023-04-06,-0.0019645061406822475
2023-04-10,0.003925843166339368
2023-04-11,0.00805109432561106
2023-04-12,0.005114314453610175
2023-04-13,0.0063960296188900765
2023-04-17,0.00149482276105818
2023-04-18,-0.002958591173110658
2023-04-19,-0.0010451281490284265
2023-04-20,0.004486510565408674
2023-04-21,-0.0030959398081096866
2023-04-24,0.0021051716150623386
2023-04-25,0.0030977840785506093
2023-04-26,0.002441535608886536
2023-04-27,0.002498647312360338
2023-04-28,0.003793999182730593
2023-05-02,0.005144345764785122
2023-05-03,0.005035750259194245
2023-05-04,0.0060247537815812605
2023-05-05,-0.004840581707885253
2023-05-08,0.0017485401578639082
2023-05-09,0.00021128919080567495
2023-05-10,0.004803512391195779
2023-05-11,0.0021020796372071306
2023-05-12,-0.007269957583722375
2023-05-15,0.005134300062849806
2023-05-16,0.004731600492161503
2023-05-17,0.000538697216829271
2023-05-18,0.003939325458387685
2023-05-19,-0.0006573028317386272
2023-05-22,0.005587046245542954
2023-05-23,-0.0005541620341372022
2023-05-24,0.003278832247147149
2023-05-25,0.005481123758915631
2023-05-26,0.0019266656294787102
2023-05-29,0.0033139109469927062
2023-05-30,-0.0030157029923131504
2023-05-31,0.004627493200986921
2023-06-01,0.0015097096558242614
2023-06-02,0.00900524716459468
2023-06-05,-0.0006188956315677499
2023-06-06,0.006403372729713817
2023-06-07,0.001679701339790289
2023-06-08,-0.01024421672322155
2023-06-09,0.004633321675188446
2023-06-12,0.00188478454110969
2023-06-13,0.0028937804433224234
2023-06-14,0.0038612156407380814
2023-06-15,-0.0035858219274725266
2023-06-16,0.010340371511333836
2023-06-19,-0.0011936424409306804
2023-06-20,0.006294026135024789
2023-06-21,0.0003425078526181666
2023-06-22,-0.008240877850996104
2023-06-23,-0.008254973569540204
2023-06-26,0.005060029154027772
2023-06-27,0.0021217376630271304
2023-06-28,-0.0007332961281122449
2023-06-30,0.0054168947031587806
2023-07-03,0.004740827197760913
2023-07-04,0.0039211955122192095
2023-07-05,0.006313296399290831
2023-07-06,0.0010377654512478277
2023-07-07,-0.0022977717151841316
2023-07-10,-0.0027145811984391342
2023-07-11,0.006049888299048789
2023-07-12,0.004566175427359161
2023-07-13,0.00303164434410886
2023-07-14,0.007298364213226682
2023-07-17,0.00565122341388342
2023-07-18,0.0029341276405550204
2023-07-19,0.009656688497992038
2023-07-20,-0.00023528805161864694
2023-07-21,-0.00545131732572772
2023-07-24,-0.0007600028764795041
2023-07-25,-0.00046773846785087505
2023-07-26,0.011286205200209195
2023-07-27,0.003053856191127718
2023-07-28,-0.0015364861785576317
2023-07-31,0.008005514854734328
2023-08-01,-0.0011759158475881163
2023-08-02,-0.0073825040604035925
2023-08-03,0.004869334139583886
2023-08-04,0.0032307004354573646
2023-08-07,-0.0013042536906063317
2023-08-08,-9.020131390775682e-05
2023-08-09,0.003428533718588853
2023-08-10,-0.0035942829916480474
2023-08-11,-0.0021439180985456763
2023-08-14,0.0016631526196278393
2023-08-16,0.00359386477441924
2023-08-17,0.001835765203351203
2023-08-18,-0.00561928096344441
2023-08-21,0.0010713086201152946
2023-08-22,0.010831162997880306
2023-08-23,0.0009346560835724192
2023-08-24,0.004956779989712345
2023-08-25,-0.0012669149120097681
2023-08-28,0.001371158399922647
2023-08-29,0.00385330391903242
2023-08-30,0.008893874170569614
2023-08-31,6.80041037141766e-05
2023-09-01,0.0032251744415707755
2023-09-04,0.004998788256715861
2023-09-05,-0.0004920355952999927
2023-09-06,-0.0007649102511464229
2023-09-07,-4.881552901571983e-05
2023-09-08,0.001812264970182182
2023-09-11,0.0028352830543738024
2023-09-12,-0.017111000102639794
2023-09-13,0.0012337998973874086
2023-09-14,0.00869153564090375
2023-09-15,0.0028447223064825226
2023-09-18,-0.0010357048424789843
2023-09-20,-0.0016750048675443121
2023-09-21,-0.0058552633459377544
2023-09-22,-0.0010216621778325152
2023-09-25,0.0014776760893647884
2023-09-26,0.003367369143769671
2023-09-27,0.0013187591444369254
2023-09-28,-0.006052518452253655
2023-09-29,0.0034058152905028214
2023-10-03,-0.0008949379264768489
2023-10-04,-0.011147230188716717
2023-10-05,0.0021663540624620513
2023-10-06,0.004023585094395868
2023-10-09,-0.004791471318749075
2023-10-10,0.008494642158374715
2023-10-11,0.004883540133427517
2023-10-12,0.007400273960174894
2023-10-13,0.0031031882981780996
2023-10-16,0.005208278669668664
2023-10-17,0.008406823902946219
2023-10-18,-0.0009521028756309895
2023-10-19,0.001134644322959499
2023-10-20,0.0006945086373757453
2023-10-23,-0.01825652841787417
2023-10-25,-0.0028868487892121895
2023-10-26,-0.002978507804506683
2023-10-27,0.007504805474071608
2023-10-30,0.0023977732312107144
2023-10-31,0.0038018769041751727
2023-11-01,0.0005657345217157258
2023-11-02,0.0034911297855872462
2023-11-03,0.008030867838279472
2023-11-06,0.004477905315445275
2023-11-07,-0.000656201531791696
2023-11-08,0.001745705180070872
2023-11-09,8.330598691302465e-05
2023-11-10,0.004875074175368249
2023-11-13,0.010268523796009427
2023-11-15,0.01044723765434384
2023-11-16,0.005444651665208792
2023-11-17,0.0011378636036817101
2023-11-20,-0.00211813920469481
2023-11-21,0.0014909022475916283
2023-11-22,-0.003945117468257002
2023-11-23,0.0005807525843017209
2023-11-24,0.002909903404183773
2023-11-28,0.004681295392789029
2023-11-29,0.010469372024290585
2023-11-30,0.004822391829593427
2023-12-01,0.004651729855085195
2023-12-04,0.007117545150117636
2023-12-05,-0.0020882053522546314
2023-12-06,-0.0006799446210475891
2023-12-07,0.0013271094269341377
2023-12-08,-0.001968513201990989
2023-12-11,0.00639420249405184
2023-12-12,-0.004291157050342341
2023-12-13,0.0053377502285649105
2023-12-14,0.012140159896784436
2023-12-15,-0.002326204610823346
2023-12-18,-0.004189474523576806
2023-12-19,0.002614791202257099
2023-12-20,-0.012550156344927328
2023-12-21,0.011102938717373086
2023-12-22,0.0037977116482344683
2023-12-26,0.005630199663709628
2023-12-27,0.0026677101418326357
2023-12-28,0.0021106230984123003
2023-12-29,0.004096847713509081
2024-01-01,0.007973707934266388
2024-01-02,0.00040182581082127066
2024-01-03,-0.002142399406967271
2024-01-04,0.0020986062807183334
2024-01-05,0.0017222264168568902
2024-01-08,-0.0013781227497298176
2024-01-09,0.004909745442572378
2024-01-10,0.0015155007877487728
2024-01-11,0.006866021897673496
2024-01-12,-0.0029737665064753925
2024-01-15,0.0008856010845168204
2024-01-16,-0.0037001770225261656
2024-01-17,-0.00614628893326187
2024-01-18,0.0013299774784381727
2024-01-19,0.0071387789777978125
2024-01-23,-0.006243439978766772
2024-01-24,0.00938717699126529
2024-01-25,-0.002372951119642224
2024-01-29,0.0024041508228026553
2024-01-30,0.0035478375395066432
2024-01-31,0.010787597729495313
2024-02-01,-0.002344574067591106
2024-02-02,0.004687220062511533
2024-02-05,-0.009355351304113309
2024-02-06,0.003495470188261935
2024-02-07,0.0016905945635003919
2024-02-08,0.00022922043182564727
2024-02-09,-0.003658652626483886
2024-02-12,-0.010438300258578604
2024-02-13,0.0025748533847657702
2024-02-14,0.002771384014832297
2024-02-15,0.00530585910581211
2024-02-16,0.007685671860478999
2024-02-19,0.003611636410569914
2024-02-20,0.002094804757218312
2024-02-21,-0.0030053960162049376
2024-02-22,0.00812993239682645
2024-02-23,0.001430076026631515
2024-02-26,-0.00212942111543761
2024-02-27,-0.0025135221007391824
2024-02-28,-0.01488918377622358
2024-02-29,0.003722874324139129
2024-03-01,0.007083310203847058
2024-03-04,0.008660158507894063
2024-03-05,-0.0022984668981645513
2024-03-06,-0.006643238427645203
2024-03-07,0.008808098889272654
2024-03-11,-0.004851433002681208
2024-03-12,-0.009795527009318926
2024-03-13,-0.0286019450913116
2024-03-14,0.02035179256088509
2024-03-15,0.0009754103003363654
2024-03-18,-0.0001964432847094425
2024-03-19,-0.003948363369796821
2024-03-20,0.0036204394635145193
2024-03-21,0.017146333281702942
2024-03-22,0.009402938074375297
2024-03-26,0.00047478277178131896
2024-03-27,0.0031690389047015427
2024-03-28,0.009998484319147622
2024-04-01,0.027743491550123803
2024-04-02,0.005041772837606523
2024-04-03,0.007644831306555254
2024-04-04,0.006937145773400341
2024-04-05,-0.0007877923144453747
2024-04-08,0.006042191045563548
2024-04-09,0.0037007571747720873
2024-04-10,0.002899197133659534
2024-04-12,0.008962822935856783
2024-04-15,-0.011002246771201912
2024-04-16,0.007306542127552911
2024-04-18,0.0023981392756752917
2024-04-19,0.003547447263052232
2024-04-22,0.007129592226611444
2024-04-23,-0.005739669731859308
2024-04-24,0.01038738083574206
2024-04-25,0.0033639735342430484
2024-04-26,0.004203443533363612
2024-04-29,7.736581899266905e-05
2024-04-30,-0.0036091803659440594
2024-05-02,0.006758443219001042
2024-05-03,0.0011534971011399797
2024-05-06,-0.0007561749193425603
2024-05-07,-0.00825197304942722
2024-05-08,0.0018240023948232
2024-05-09,-0.015122627512663269
2024-05-10,0.010567635526640494
2024-05-13,-0.0027154934582308537
2024-05-14,0.002519162889853369
2024-05-15,0.010908044985973999
2024-05-16,0.006851363241173404
2024-05-17,0.003434329494599381
2024-05-21,0.006948262972371248
2024-05-22,0.0010047183828243583
2024-05-23,-0.0030311357994647257
2024-05-24,-0.0036175036860884554
2024-05-27,-0.003007503256592317
2024-05-28,-0.0014626372253590055
2024-05-29,-0.0012488861465141726
2024-05-30,-0.009387857854021355
2024-05-31,0.005417185674779882
2024-06-03,0.0003689532677826895
2024-06-04,-0.032762130496707384
2024-06-05,0.021278147030556034
2024-06-06,0.015980248081930812
2024-06-07,0.009736314351777227
2024-06-10,-0.0020066981257709565
2024-06-11,0.003037170538612013
2024-06-12,0.006557519347624595
2024-06-13,0.0070615033547155445
2024-06-14,0.010548949879324978
2024-06-18,0.005007317743021482
2024-06-19,0.0009684407806489904
2024-06-20,0.007675215413596893
2024-06-21,-0.0018683723301757158
2024-06-24,-0.006946028801872472
2024-06-25,-0.00035484191773770424
2024-06-26,-0.0007660192291118065
2024-06-27,-2.463322206791513e-05
2024-06-28,0.003035546207223623
2024-07-01,0.0031007364727770395
2024-07-02,-0.0010588828079378474
2024-07-03,0.010388077840041098
2024-07-04,0.003578671023317435
2024-07-05,0.003977301237472861
2024-07-08,-0.0009747356548054371
2024-07-09,0.003478136575610116
2024-07-10,-0.0006921169808161131
2024-07-11,0.004530249804438295
2024-07-12,-0.0031826090966951054
2024-07-15,0.0013297058054239487
2024-07-16,0.005885858945014075
2024-07-18,0.002018342335883087
2024-07-19,-0.013393889709167708
2024-07-22,0.0018989755306474045
2024-07-23,-0.012474141219434659
2024-07-24,0.004990983647970998
2024-07-25,-0.0012421857740807295
2024-07-26,0.00835623910798367
2024-07-29,-0.0026725427755126523
2024-07-30,0.0008268799609054738
2024-07-31,0.001248978680819675
2024-08-01,0.002904081022158704
2024-08-02,-0.0011877317694642085
2024-08-05,-0.030322840333010102
2024-08-06,-0.00025823013633946687
2024-08-07,0.012308884073649265
2024-08-08,-0.0005974059003381524
2024-08-09,0.00915690093292531
2024-08-12,-0.000703625032023565
2024-08-13,-0.0023985682213648074
2024-08-14,0.003903789347370347
2024-08-16,0.00967619086416812
2024-08-19,0.010417120839493916
2024-08-20,0.009076351401387038
2024-08-21,0.0002685373912945108
2024-08-22,0.0038374978758894066
2024-08-23,-0.000155377121963032
2024-08-26,0.00616640811506593
2024-08-27,-0.0010300621428703646
2024-08-28,0.0007257243461211268
2024-08-29,-0.0044360744191889465
2024-08-30,0.009134213582761693
2024-09-02,-0.004003587877133497
2024-09-03,0.00425729263759786
2024-09-04,-0.0029442945712925906
2024-09-05,0.007273713674726373
2024-09-06,-0.006787757496042173
2024-09-09,-0.0026691260309399272
2024-09-10,0.01027941353871341
2024-09-11,0.004649403323905821
2024-09-12,0.00397970128819062
2024-09-13,0.00823297792497785
2024-09-16,0.007736769499084431
2024-09-17,0.0013771111642366175
2024-09-18,-0.006473068263949264
2024-09-19,0.001054494342506088
2024-09-20,0.010967651893844504
2024-09-23,0.010863426267735123
2024-09-24,0.0035259773170555463
2024-09-25,0.0006140627622891702
2024-09-26,-7.31794558310477e-05
2024-09-27,-0.0033526127214139946
2024-09-30,0.0012255580408711752
2024-10-01,0.0008093380668526736
2024-10-03,-0.007928295628067444
2024-10-04,-0.00459870652663794
2024-10-07,-0.015021636740185498
2024-10-08,0.01324662321342575
2024-10-09,0.005108999029350985
2024-10-10,0.0008239347230580272
2024-10-11,0.003321368945507633
2024-10-14,0.00728383667488947
2024-10-15,0.004091189021646258
2024-10-16,0.0028890402438270426
2024-10-17,-0.007937979932676387
2024-10-18,0.007148257320603117
2024-10-21,-0.004811931767156988
2024-10-22,-0.018237171288239287
2024-10-23,0.010155164500575768
2024-10-24,-0.006440169279605079
2024-10-25,-0.013518723841787936
2024-10-28,0.011621153710452936
2024-10-29,0.005299447477730753
2024-10-30,0.007209710614965124
2024-10-31,0.0055814953041543125
2024-11-01,0.005528941404361611
2024-11-04,-0.012492172024224556
2024-11-05,0.005492730781800324
2024-11-06,0.011461875666363438
2024-11-07,-0.006812988736828625
2024-11-08,-0.00014055347670909317
2024-11-11,-0.009076545679125074
2024-11-12,-0.013272867186010597
2024-11-13,-0.013749436088047537
2024-11-14,-0.0023756321423870574
2024-11-18,0.0026807147381477615
2024-11-19,0.008084736019264066
2024-11-21,0.005007796141747138
2024-11-22,0.009255777087516232
2024-11-25,0.006033026348241392
2024-11-26,-0.00393904558135263
2024-11-27,0.006858152386390861
2024-11-28,0.0013868749461866273
2024-11-29,0.006753968838553317
2024-12-02,0.00456073809583033
2024-12-03,0.009324375142731553
2024-12-04,0.003224618498032997
2024-12-05,0.0008770208491891579
2024-12-06,0.0006053787807530289
2024-12-09,0.00631550388053176
2024-12-10,0.004811898890836672
2024-12-11,0.00679634569383676
2024-12-12,0.002445873229205418
2024-12-13,-0.00492860671429879
2024-12-16,0.003839770228657771
2024-12-17,-0.0006734075957295068
2024-12-18,-0.0032358193946187535
2024-12-19,-0.005387523754459471
2024-12-20,-0.013411271598646994
2024-12-23,0.005651192678310645
2024-12-24,0.002990848096187396
2024-12-26,0.000802334124232499
2024-12-27,0.0034455152070696914
2024-12-30,0.00366152367962984
2024-12-31,0.00210038661660701
2025-01-01,0.0054649977381842465
2025-01-02,0.006601487905321688
2025-01-03,0.0058722962615713
2025-01-06,-0.02179096949413277
2025-01-07,0.011773146922653759
2025-01-08,-0.006537485911887289
2025-01-09,-0.0030109223509612562
2025-01-10,-0.009036818956821709
2025-01-13,-0.027686175777423872
2025-01-14,0.014295782822276327
2025-01-15,0.0023702115183197544
2025-01-16,0.010794437470488537
2025-01-17,0.00230423798596663
2025-01-20,0.008681504395826014
2025-01-21,-0.011052817157060099
2025-01-22,0.0006189581509752186
2025-01-23,0.003828306315167183
2025-01-24,-0.004054617455028669
2025-01-27,-0.024309051199998922
2025-01-28,-0.004973263999101645
2025-01-29,0.02077815557816963
2025-01-30,0.0022319882300103626
2025-01-31,0.010210638768942572
2025-02-01,0.003740764488603666
2025-02-03,0.0008997476570880554
2025-02-04,0.012323195286902896
2025-02-05,0.017403671018546982
2025-02-06,-0.00432894204326827
2025-02-07,-0.0013960946858033688
2025-02-10,-0.008068786794188126
2025-02-11,-0.0146309677148491
2025-02-12,-0.004559816769229973
2025-02-13,0.0030403195906983974
2025-02-14,-0.01675004686585206
2025-02-17,-0.0007267780509256868
2025-02-18,-0.0073713679184169364
2025-02-19,0.01710007345579093
2025-02-20,0.00708059645513923
2025-02-21,-0.005482211493772869
2025-02-24,-0.004776632475564543
2025-02-25,-0.0029016306975730394
2025-02-27,-0.00839011792782784
2025-02-28,-0.020032997782999017
2025-03-03,-0.000987973007072709
2025-03-04,0.00766120773462701
2025-03-05,0.01215661056167554
2025-03-06,0.007033240670193449
2025-03-07,0.0012733747224673135
2025-03-10,-0.005681205020575667
2025-03-11,-0.0031266036567383026
2025-03-12,-0.001729704400731723
2025-03-13,-0.001440628663738596
2025-03-17,0.009889616298411195
2025-03-18,-0.0008177566484770956
2025-03-19,0.018779880269076142
2025-03-20,0.010622814409469624
2025-03-21,0.0019534188521613868
2025-03-24,0.00524935482750513
2025-03-25,-0.0051062870038387055
2025-03-26,-0.0036606795935118235
2025-03-27,0.009566748073556456
2025-03-28,-0.0007177173189428608
2025-04-01,0.010405400664568971
2025-04-02,0.0019990018933934207
2025-04-03,0.0023344395171696754
2025-04-04,-0.02103746470930319
2025-04-07,-0.0324754977593089
2025-04-08,0.00939700011247523
2025-04-09,-0.0005321486450467058
2025-04-11,0.03256182407988615
2025-04-15,0.017932617378003047
2025-04-16,0.009032613375341588
2025-04-17,0.005640400148178537
2025-04-21,0.015452742346138025
2025-04-22,0.013768499371627472
2025-04-23,-0.0024590629227386413
2025-04-24,-0.00034046361805030174
2025-04-25,-0.017941889257503302
2025-04-28,0.0018794746950538599
2025-04-29,0.0019987462592141844
2025-04-30,-0.01084343945007979
2025-05-02,-0.004743112510724974
2025-05-05,0.012408699558404977
2025-05-06,-0.001793927094589314
2025-05-07,0.0005727378897623036
2025-05-08,-0.008210737309155544
2025-05-09,-0.0010639801154673982
2025-05-12,0.012995462521681635
2025-05-13,0.00687692849431402
2025-05-14,0.0008802787713659783
2025-05-15,0.002856535379426715
2025-05-16,0.008450563367147996
2025-05-19,0.004652412608551119
2025-05-20,-0.007087233357326645
2025-05-21,0.0033375766062009255
2025-05-22,0.002957337384237708
2025-05-23,0.0013146068683684336
2025-05-26,0.0015390047896193487
2025-05-27,-0.00038167408349421624
2025-05-28,0.006058510162903319
2025-05-29,0.0006037266777209761
2025-05-30,0.0023214876797449766
2025-06-02,0.0048317517402479615
2025-06-03,0.00662393752998636
2025-06-04,0.01265583782944454
2025-06-05,0.009727148290627648
2025-06-06,-0.0003834890032238447
2025-06-09,-0.0011335160603343128
2025-06-10,0.0059492466069167175
2025-06-11,-5.7846580158224035e-06
2025-06-12,-0.0036772132248296
2025-06-13,0.004952480400268059
2025-06-16,0.0026626930295213123
2025-06-17,-0.0018211451380405765
2025-06-18,0.003772892003431257
2025-06-19,-0.007552815237057087
2025-06-20,0.0005404263346711621
2025-06-23,0.004183237104339355
2025-06-24,-0.004078381161544629
2025-06-25,0.0032913239691007208
2025-06-26,0.0031278907419134555
2025-06-27,-0.0013501376004792871
2025-06-30,0.0026596770193045576
2025-07-01,0.00415096738067
2025-07-02,0.0012711866589833443
2025-07-03,0.0019115162404446447
2025-07-04,0.0005726866998353277
2025-07-07,-0.0017690432392204563
2025-07-08,0.000313919542970586
2025-07-09,-0.00021928288373284843
2025-07-10,0.0012443822015914766
2025-07-11,-0.0012499303394555802
2025-07-14,0.0015207228718913104
2025-07-15,0.005796418288746639
2025-07-16,0.002176503761040878
2025-07-17,0.001859319261307939
2025-07-18,0.0005738654854174596
2025-07-21,0.0016082479570060254
2025-07-22,0.004895826078229558
2025-07-23,0.006809334434751417
2025-07-24,-0.006834077527202805
2025-07-25,-0.008327195838834598
2025-07-28,-0.00386761853486804
2025-07-29,0.012519088795686193
2025-07-30,0.004050479688292943
2025-07-31,-0.0040246405196741365
2025-08-01,-0.009071333261446915
2025-08-04,0.011392853294969469
2025-08-05,0.002236144117268001
2025-08-06,-0.006877325992934184
2025-08-07,0.0019001063856082193
2025-08-08,-0.0032564788337843768
2025-08-11,0.00019945405388034136
2025-08-12,-0.0026209008240041386
2025-08-13,0.009277605148268026
2025-08-14,-0.0007981188654117019
2025-08-18,0.008933269625009491
2025-08-19,0.003110072466275306
2025-08-20,-0.0004315609870733453
2025-08-21,-0.0006379642609421692
2025-08-22,-0.0004228680184165567
2025-08-25,0.0007332201717037166
2025-08-26,-0.005533141990784262
2025-08-28,-0.0020488222013825288
2025-08-29,0.004938264605310601
2025-09-01,0.01159097279535452
2025-09-02,-0.0017201300872472795
2025-09-03,0.010707524961973145
2025-09-04,-0.002727689779191087
2025-09-05,0.0025030186106409663
2025-09-08,0.009017909283721762
2025-09-09,0.009564794679149896
2025-09-10,0.002549635689629497
2025-09-11,0.002366474444891308
2025-09-12,0.003033934716068882
2025-09-15,0.005227213713272976
2025-09-16,0.0075545117474076036
2025-09-17,-0.0034637683238769672
2025-09-18,-0.0005399706681233604
2025-09-19,3.1102673963342655e-05
2025-09-22,0.008376517644795826
2025-09-23,0.007205123816174135
2025-09-24,-0.005823832963998697
2025-09-25,-0.0034472956438207905
2025-09-26,-0.008854902028798009
2025-09-29,0.008741504460542105
2025-09-30,-0.003064727490183631
2025-10-01,0.01254499033273943
2025-10-03,0.008077873097174526
2025-10-06,0.016808712631544633
2025-10-07,0.006668967892428996
2025-10-08,0.0007436468780016341
2025-10-09,0.0001277498419860923
2025-10-10,-1.519481978289298e-05
2025-10-13,0.004164417539952666
2025-10-14,0.005092836840215805
2025-10-15,0.006277791032724227
2025-10-16,0.006062084260845901
2025-10-17,0.005162037654615184
2025-10-20,-0.003945590039013781
2025-10-21,0.0070479724959658365
2025-10-23,-0.017024631156318863
2025-10-24,-0.009776347110685158
2025-10-27,0.010603599073420842
2025-10-28,-0.008087736163982121
2025-10-29,0.00989078482461499
2025-10-30,-0.0001342083070360645
2025-10-31,0.0025205883751433732
2025-11-03,0.006438962824025951
2025-11-04,-0.010080201870719238
2025-11-06,-0.009365537167736904
2025-11-07,0.001735857605580673
2025-11-10,0.008443312815117855
2025-11-11,0.003265994703653448
2025-11-12,0.0004929524899739165
2025-11-13,0.004519865754171741
2025-11-14,-0.005805870060649094
2025-11-17,-0.008510656500867405
2025-11-18,-0.006527089520577704
2025-11-19,0.0005316783322548769
2025-11-20,-0.00037726489277110654
2025-11-21,-0.0057237437127831935
2025-11-24,-0.007743164512286778
2025-11-25,0.007082576947606368
2025-11-26,0.00850946609704267
2025-11-27,-0.0007377102460642425
2025-11-28,0.005188953342531802
2025-12-01,0.006064071182938312
2025-12-02,-0.0068211093153990165
2025-12-03,-0.0034734402430126837
2025-12-04,-0.005214095992544047
2025-12-05,0.003170017137682206
2025-12-08,-0.01029011402283696
2025-12-09,0.005016944251621949
2025-12-10,-0.0020690570028275047
2025-12-11,0.0031549993910051297
2025-12-12,0.012035377573829446
2025-12-15,0.004172916957441436
2025-12-16,-0.007091136683032215
2025-12-17,0.00026601392562621256
2025-12-18,-0.0009000014850477154
2025-12-19,0.0041438009267132465
2025-12-22,0.012511662120072055
2025-12-23,0.005479816712496327
2025-12-24,-0.0014155143472353677
2025-12-26,0.002255234505227004
2025-12-29,-0.006634920435375102
2025-12-30,-0.006718173077265121
2025-12-31,0.0034225237952193515
2026-01-01,0.0018848306577603862
2026-01-02,0.009690448683632445
2026-01-05,0.002381302980361372
2026-01-06,-0.0001116215898699504
2026-01-07,0.0010129224023617347
2026-01-08,-0.010604806457889207
2026-01-09,-0.003865656624997368
2026-01-12,0.009102273424354235
2026-01-13,-0.00152591836875756
2026-01-14,0.003805243563517316
2026-01-15,0.0
2026-01-16,-0.004503790158333942
2026-01-19,0.004776053927764105
2026-01-20,-0.0018239880111482372
2026-01-21,0.01757542770652302
2026-01-22,-0.016417824508133023
2026-01-23,-0.0011963443841842853
2026-01-27,0.008902765349650652
2026-01-28,0.023932299087869566
2026-01-29,0.02702728904092934
2026-01-30,-0.03303105487224372
2026-02-02,-0.04176969356678238
2026-02-03,0.042102149891508636
2026-02-04,0.013896809345715026
2026-02-05,-0.015677760131790217
2026-02-06,-0.0014797478975091148
2026-02-09,0.021551286356886343
2026-02-10,0.0033361400778438503
2026-02-11,0.004860098670543494
2026-02-12,0.0004620230054521051
2026-02-13,-0.010896597341682242
2026-02-16,0.002462666758929718
2026-02-17,-0.006675651717841698
2026-02-18,0.0023383747740086157
2026-02-19,0.0009204148717528177
2026-02-20,-0.0001229211940560694
2026-02-23,0.0037998992726366886
2026-02-24,0.0006609247729006579
2026-02-25,0.0043096496174516484
2026-02-26,-0.0034898418055016207
2026-02-27,0.0012146949867215334
2026-03-02,0.006291181879315913
2026-03-04,-0.023999503270479755
2026-03-05,0.0038335037514617425
2026-03-06,-0.003801616310223009
2026-03-09,-0.00869143856238123
2026-03-10,0.014953009075128592
2026-03-11,-0.0019911136398936802
2026-03-12,-0.002791737462650589
2026-03-13,-0.0200322994848624
2026-03-16,-0.012619451084166134
2026-03-17,0.005927884020167744
2026-03-18,0.01130499553823162
2026-03-19,-0.033077336019994734
2026-03-20,0.003046283754813728
2026-03-23,-0.051668887351464986
2026-03-24,0.03287558248095411
2026-03-25,0.025414515540723374
2026-03-27,-0.019917425084512837
2026-03-30,-0.0017022260501147097
2026-04-01,0.028531451410983098
2026-04-02,-0.008393984877067802
2026-04-06,0.014419262110103396
2026-04-07,0.001599845669671879
2026-04-08,0.03435764678522705
2026-04-09,-0.005011691792074013
2026-04-10,0.009918293011086142
2026-04-13,0.0009910069920458387
2026-04-15,0.021741823685260446
2026-04-16,0.0067595433957347425
2026-04-17,0.00619849416413346
2026-04-20,-0.0030858055643019603
2026-04-21,0.008430517892833386
2026-04-22,0.004053687884597357
2026-04-23,-0.0009823245901773173
2026-04-24,-0.0040572595234995975
2026-04-27,0.008941127887891578
2026-04-28,-0.004624011046283039
2026-04-29,-0.002006801595641057
2026-04-30,0.0015163047249758727
2026-05-01,0.0
2026-05-04,0.0011806278512005955
2026-05-05,0.00114915917486947
2026-05-06,0.01782399004178472
2026-05-07,0.009098981960159312
2026-05-08,0.002994231028308944
2026-05-11,-0.01070886464878089
2026-05-12,-0.008310916503892932
2026-05-13,0.024268114369213535
2026-05-14,0.00011096902816508706
2026-05-15,-0.009552551131239432
2026-05-18,0.005209253610480586
2026-05-19,0.0045768735878928745
2026-05-20,0.0010714662611563258
2026-05-21,0.001014806262298453
2026-05-22,0.004062755900748314
2026-05-25,0.01054136433274084
2026-05-26,0.003179390044689228
2026-05-27,-0.0030017287194029157
2026-05-28,0.0
2026-05-29,0.0006934339936597426
2026-06-01,-0.00863057673679503
2026-06-02,0.007387708657700215
2026-06-03,-0.0017318910765653777
2026-06-04,0.0022647384798630287
2026-06-05,-0.001025261829291213
2026-06-08,-0.019952819337334813
2026-06-09,0.009407697735641594
2026-06-10,-0.017532832617272506
2026-06-11,-0.011272520038095212
2026-06-12,0.01720825442740094
2026-06-15,0.01660401496892388
2026-06-16,0.0020006023933682227
2026-06-17,0.002439063336634827
2026-06-18,-0.0025380595424832108
2026-06-19,-0.0016800696731273368
